timestamp,tweet_text,username,all_hashtags,followers_count
2021-11-23 15:58:22+00:00,Confira o trailer da primeira s√©rie de anima√ß√£o de O Menino Maluquinho para a Netflix. A s√©rie ainda n√£o tem data de lan√ßamento. #Netflix  https://t.co/KM5hcdXFBb,geek2mee,['Netflix'],56
2021-11-23 15:56:21+00:00,Roubaram minha Netflix.  O que eu fa√ßo? Como cancelar o cart√£o? #Netflix,welbermarinho,['Netflix'],1250
2021-11-23 15:48:43+00:00,#Grupos de #WhatsApp #Ecuador #Amistad #Ligar Telegram https://t.co/YB7yoKUoPt @elyex #Colegios #Estudiantes #Link #M√∫sica #Netflix #Peliculas #Unirse,elyex,"['Grupos', 'WhatsApp', 'Ecuador', 'Amistad', 'Ligar', 'Colegios', 'Estudiantes', 'Link', 'M√∫sica', 'Netflix', 'Peliculas', 'Unirse']",2302
2021-11-23 15:35:02+00:00,"Estreno en #Netflix: Terminator 2: El juicio final (1991, IMDb 8.5)  #cine #NetflixEspana https://t.co/1cykohiIBP",BestflixEs,"['Netflix', 'cine', 'NetflixEspana']",91
2021-11-23 15:25:19+00:00,A 2¬∫ temporada de Arcane foi garantida pela Netflix  #Arcane #LeagueOfLegends #Netflix #RiotGames https://t.co/PC1KgbWVyQ,CinematizandoOf,"['Arcane', 'LeagueOfLegends', 'Netflix', 'RiotGames']",994
2021-11-23 15:22:19+00:00,Chorei coma morte do Andrews  #Dinasty #Dinastia #Netflix,perciamari94,"['Dinasty', 'Dinastia', 'Netflix']",252
2021-11-23 15:17:52+00:00,"""Arcane: League of Legends"" √© a melhor adapta√ß√£o de um game j√° feita na hist√≥ria PARAB√âNS @netflix   #Arcane #lol #LeagueOfLegends #Netflix #RiotGames",JhonsVictor_,"['Arcane', 'lol', 'LeagueOfLegends', 'Netflix', 'RiotGames']",45
2021-11-23 15:10:11+00:00,"Puts, fui ver se a s√©rie era boa e agr me apeguei. Mds! ü§°  #OReiDePorcelana #Netflix",sMatheusAg,"['OReiDePorcelana', 'Netflix']",164
2021-11-23 15:05:00+00:00,ü§Ø Ansiosos? Os epis√≥dios da 6¬™ e √∫ltima temporada de 'Peaky Blinders' chegam √† Netflix no come√ßo do pr√≥ximo ano. Saiba tudo!  #peakyblinders #netflix  https://t.co/3gzIKngVY4,MetroJornal,"['peakyblinders', 'netflix']",119765
2021-11-23 15:00:21+00:00,"Conversamos sobre todos os atos, nossas impress√µes e rumores sobre Arcane, a s√©rie de League of Legends da Riot Games, em nosso podcast.  Escute j√°: https://t.co/oy1uDuQ93a  #arcane #leagueoflegends #riotgames #netflix #podcast https://t.co/IHSKSPOctm",subarashow,"['arcane', 'leagueoflegends', 'riotgames', 'netflix', 'podcast']",189
2021-11-23 14:56:00+00:00,Netflix est√° trabalhando em um novo projeto de Power Rangers: https://t.co/Bu1JGoeWwB #PowerRangers #Netflix https://t.co/QaAQjn23oo,geek2mee,"['PowerRangers', 'Netflix']",56
2021-11-23 14:55:14+00:00,"A #Netflix est√° desenvolvendo uma miniss√©rie sobre a trag√©dia da Boate Kiss que pegou fogo em 2013 e deixou 242 pessoas mortas. ‚ÄúTodo Dia a Mesma Noite"" ser√° baseada no livro de Daniela Arbex que atuar√° como consultora. As grava√ß√µes come√ßam em 2022. Sem previs√£o de estreia. https://t.co/0y0Mg6ShH1",CinesiaGeek,['Netflix'],482
2021-11-23 14:46:52+00:00,"#Netflix renova ""Sintonia"" para a 3¬™ temporada!!! üòéüí• https://t.co/G5xmMaGpdi",cinetreze,['Netflix'],1345
2021-11-23 14:40:00+00:00,"A produ√ß√£o, que √© baseada em uma hist√≥ria real de uma falsa herdeira, tem estreia prevista para fevereiro de 2022  #Netflix #shondarhimes #tvcultura   https://t.co/JWMcNhCgB5",tvcultura,"['Netflix', 'shondarhimes', 'tvcultura']",867493
2021-11-23 14:39:06+00:00,üö®ATUALIZA√á√ÉOüö® A Chegada tamb√©m est√° dispon√≠vel na @NetflixBrasil e @Globoplay  #Netflix #Globoplay #AChegada #Arrival,donosdalocadora,"['Netflix', 'Globoplay', 'AChegada', 'Arrival']",53
2021-11-23 14:35:52+00:00,A #Netflix tira de exibi√ß√£o series maravilhosas e coloca uns lixos... Por isso est√° perdendo tanta audi√™ncia para aplicativos gratuitos.,tcheduh,['Netflix'],464
2021-11-23 14:35:22+00:00,adoro   #StrappareLungoIBordi #Netflix @zerocalcare https://t.co/sLLMhjA1Y9,melyssadeluca2,"['StrappareLungoIBordi', 'Netflix']",18
2021-11-23 14:34:48+00:00,#Netflix | 'Sintonia' foi oficialmente renovada para a terceira temporada. https://t.co/jHDaELRkh2,Taylorvazsccp1,['Netflix'],1946
2021-11-23 14:33:59+00:00,#Netflix | ESTREIAS DE HOJE!  üé• FILMES  ‚Ä¢ Gl√≥ria  üì∫ S√âRIES  ‚Ä¢ S02 - Mestres do Universo: Salvando Eternia ‚Ä¢ S01 - Batalha de Carr√µes ‚Ä¢ MiS - D√∫vida Razo√°vel: Uma Hist√≥ria de Dois Sequestros  üì∫ ESPECIAL  ‚Ä¢ Jonas Brothers Family Roast ‚Ä¢ Waffles+Mochi: Uma Festa Congelante https://t.co/22YeWgzXHG,Taylorvazsccp1,['Netflix'],1946
2021-11-23 14:33:41+00:00,#Netflix | A s√©rie 'Submundo do Crime' foi renovada para a segunda temporada. https://t.co/dIBLiwJQAY,Taylorvazsccp1,['Netflix'],1946
2021-11-23 14:28:02+00:00,Uma s√©rie leve e incr√≠vel! Um jovem gay com paralisia cerebral contada com muita verdade e sinceridade. Uma preciosidade!   #Netflix  #special #serie https://t.co/uqyvQFBAjw,Mundodofilipe1,"['Netflix', 'special', 'serie']",104
2021-11-23 14:26:01+00:00,#Netflix #NetflixBrasil #MaisBrasilNasTelas #Tudum E isso sem contar no monte de produ√ß√£o que estreia e n√£o √© divulgado n√©? O tanto de s√©rie que j√° foi cancelada por falta de marketing da @NetflixBrasil t√° a√≠ como exemplo üòâ https://t.co/wULf2xpGAa,falaaiyuri,"['Netflix', 'NetflixBrasil', 'MaisBrasilNasTelas', 'Tudum']",363
2021-11-23 14:22:54+00:00,O filme alerta vermelho n√£o promete nada e entrega tudo #Netflix,machhadobrenda,['Netflix'],26
2021-11-23 14:22:37+00:00,#Netflix #MaisBrasilNasTelas #Tudum ... divulgado nas redes oficiais do servi√ßo e tudo que est√° sendo anunciado s√≥ est√° sendo divulgado por terceiros üòëüòëüòë  Os perfis oficiais da @NetflixBrasil deviam focar em mais conte√∫dos relevantes e em menos memes aleat√≥rios! Fala s√©rio! https://t.co/diX72IGyS7,falaaiyuri,"['Netflix', 'MaisBrasilNasTelas', 'Tudum']",363
2021-11-23 14:15:07+00:00,As vers√µes brasileiras de Casamento √†s Cegas e Brincando com Fogo foram renovadas pela #Netflix. https://t.co/7Cwuu01baU,sobrefilmesseri,['Netflix'],66
2021-11-23 14:06:08+00:00,Netflix produzir√° futuros filmes e s√©ries de Power Rangers  #PowerRangers #Netflix   https://t.co/Mv6J1n70eJ via @boraassistir,boraassistir,"['PowerRangers', 'Netflix']",185
2021-11-23 14:00:01+00:00,"üëë Por essa, nem Betinha esperava! Os atores da quinta temporada de 'The Crown', Dominic West (pr√≠ncipe Charles) √© pai na vida real de Sean West (pr√≠ncipe William).  #thecrown #netflix  https://t.co/EhyDVPBvk1",MetroJornal,"['thecrown', 'netflix']",119765
2021-11-23 13:51:44+00:00,Cowboy Bebop | Produtor despista sobre vil√£o da 2¬™ temporada  https://t.co/eJlI4skcgb  #CowboyBebop #Netflix https://t.co/2X5GZsPAgc,ovicio,"['CowboyBebop', 'Netflix']",5571
2021-11-23 13:49:43+00:00,#Netflix planeja s√©rie derivada focada na #Eleven com o t√©rmino de 'Stranger Things' https://t.co/giuOpgzbUd,barrysworldnews,"['Netflix', 'Eleven']",15
2021-11-23 13:49:42+00:00,"Pessoal, como dificilmente se acha algo bom pra gente assistir nas plataformas de streaming como #Netflix e outras, segue aqui uma dica de uma s√©rie muito boa, que pelo conte√∫do e produ√ß√£o deveria ser muito mais conhecida e assistida pelos #crist√£os #conservadores... continua&gt;&gt;",Davaro7,"['Netflix', 'crist√£os', 'conservadores']",587
2021-11-23 13:49:20+00:00,üö®üí•üö®Aten√ß√£oüö®üí•üö® Cr√≠tica de #ProfeciadoInferno da #Netflix  https://t.co/PIH1y6kcbj Xiaomi Maraisa Tinder Matrix Joinville,CarolNerdChyc,"['ProfeciadoInferno', 'Netflix']",79
2021-11-23 13:28:47+00:00,"E mais um dia eu chorando horrores com esse dorama Porq fizeste isso Dal-Mi Jo-Pyeong que sempre foi o seu grande amor  Que desgra√ßa, n√£o consigo superar  #Startup #ApostandoAlto #Netflix",lliben281,"['Startup', 'ApostandoAlto', 'Netflix']",861
2021-11-23 13:22:45+00:00,"üéÅ https://t.co/yjxZc986LN üéÅ . ‚úÖ Personagem: Patrick ‚ö†Ô∏è Temos mais de 130 modelos diferentes, corre l√°! üèÉüèªüèÉüèº‚Äç‚ôÄÔ∏èüí® . #funkopop #funko #brinquedos #cinema #rodanaipoptv #bob #bobesponja #patrick #netflix https://t.co/WooJBq5I66",RoGambini,"['funkopop', 'funko', 'brinquedos', 'cinema', 'rodanaipoptv', 'bob', 'bobesponja', 'patrick', 'netflix']",247
2021-11-23 13:18:03+00:00,"Incr√≠vel,absolutamente sens√≠vel! Andrew Garfield entregou um espet√°culo nesse filme!At√© o √∫ltimo homem mostrou o qu√£o ele √© um ator sensacional e Tick Tick Boom veio para confirmar.O Oscar tem que vir!Elenco de extrema qualidade, atua√ß√£o e can√ß√µes tamb√©m!Sem palavras! #Netflix https://t.co/SKGLLQG8xQ",mavarjao,['Netflix'],21
2021-11-23 13:15:28+00:00,"Nota: aprecia√ß√£o de arte sem press√£o de hype √© melhor.  Terminei de ver O Gambito da Rainha... no in√≠cio da madrugada. Maratonei, como dizem, mas por causa do envolvimento. Chorei com uma sequ√™ncia. Obra no formato adequado. √ìtimas horas curtindo um somat√≥rio muito bom.  #Netflix https://t.co/uG1ABk12oY",senhorfantasia,['Netflix'],199
2021-11-23 13:12:11+00:00,S√≥ vim aqui comentar que a segunda parte de #mestresdouniverso √© simplesmente maravilhoso e o final me deixou muito animado pra uma continua√ß√£o #Netflix,Joao_victtor0,"['mestresdouniverso', 'Netflix']",93
2021-11-23 13:11:03+00:00,Arcade est√° no meu top 5 #Netflix,HerculesAlcant1,['Netflix'],700
2021-11-23 12:30:38+00:00,"Arcane ‚Äì S√©rie animada, baseada em League of Legends, ter√° 2¬∫ temporada #Arcane #ArcaneSeason2 #LeagueOfLegends #lol #Netflix #Animation #Noticias   https://t.co/b4WLTBsffV via @gqcanimes",gqcanimes,"['Arcane', 'ArcaneSeason2', 'LeagueOfLegends', 'lol', 'Netflix', 'Animation', 'Noticias']",145
2021-11-23 12:12:00+00:00,"Cancelamento, sociedade do espet√°culo, religi√£o, viol√™ncia... sangue... s√£o tantas camadas em #ProfeciadoInferno que a gente s√≥ pode recomendar! #Netflix https://t.co/6dnkNwGmJ5",vigilianerd,"['ProfeciadoInferno', 'Netflix']",1345
2021-11-23 12:03:40+00:00,Eu assisti Arcane S01|E08 √Ågua e √≥leo #tvtime #Netflix #Arcane https://t.co/sK4t4A1OxE https://t.co/BOdS7kiY6s,Valdir_Souza,"['tvtime', 'Netflix', 'Arcane']",124
2021-11-23 12:02:25+00:00,sobre dinastia: n√£o aguento ver a fallon colocando o liam em segundo lugar #Netflix #dinastia,ttanax,"['Netflix', 'dinastia']",111
2021-11-23 12:00:43+00:00,Eu queria assistir um remake dos Gremlins.  #Netflix #fazacontecer #HBO,DboraFelix29,"['Netflix', 'fazacontecer', 'HBO']",22
2021-11-23 11:51:37+00:00,Avatar | Paul Sun-Hyung Lee exalta elenco da s√©rie live-action  https://t.co/VzqvGbROeA  #Netflix #AvatarTheLastAirbender #avatar https://t.co/gEucQZsCzR,ovicio,"['Netflix', 'AvatarTheLastAirbender', 'avatar']",5571
2021-11-23 11:45:29+00:00,1 semana pra estrear #jojo bizarre adventure #StoneOcean na #Netflix e j√° to ansioso igual uma capivara https://t.co/3BogX5s78o,VChucre,"['jojo', 'StoneOcean', 'Netflix']",15
2021-11-23 11:35:11+00:00,Comecei a ver arcane e s√≥ tenho uma palavra para descrever est√° s√©rie. FANT√ÅSTICO #Arcane  #Netflix  #LeagueOfLegends,xira_oficial,"['Arcane', 'Netflix', 'LeagueOfLegends']",5
2021-11-23 11:03:37+00:00,Conhe√ßa Lulli  Novo filme da Netflix estrelado por Larissa Manoela  #Lulli #Netflix #JNerd  https://t.co/jQV0rBywU9,hospicionerd,"['Lulli', 'Netflix', 'JNerd']",5719
2021-11-23 11:02:03+00:00,Power Rangers: Netflix adquire direitos do universo cinematogr√°fico e planeja novas produ√ß√µes  - @netflix  https://t.co/oGb3roaEFW  #PowerRangers #Netflix,filipesalomao88,"['PowerRangers', 'Netflix']",277
2021-11-23 10:52:18+00:00,"Depois do grande sucesso de sua primeira temporada estreado na #Netflix, a s√©rie animada da Riot Games, Arcane, cujo √© baseada nos personagens de Siga @xnerdbrasil  Acessar o link na bio. #xnerdbrasil #arcane #occult #tarot #art #illustration #magic #gaming #witch #gothic #gamer https://t.co/4sMdFayieF",xnerdbrasil,"['Netflix', 'xnerdbrasil', 'arcane', 'occult', 'tarot', 'art', 'illustration', 'magic', 'gaming', 'witch', 'gothic', 'gamer']",33
2021-11-23 10:50:44+00:00,Voc√™s passam pano pra Love? üëÄ  ~Dani  -  -  -  #bomdia #boomdiaa #lovequinn #you #voce #vacinas #covid #joegoldberg #vacina√ß√£o #serieoriginal #netflix #netflixshows #victoriapedretti #netflixoriginalseries #psicopata https://t.co/2QujBpkv8w,OMAgias,"['bomdia', 'boomdiaa', 'lovequinn', 'you', 'voce', 'vacinas', 'covid', 'joegoldberg', 'vacina√ß√£o', 'serieoriginal', 'netflix', 'netflixshows', 'victoriapedretti', 'netflixoriginalseries', 'psicopata']",22
2021-11-23 10:40:06+00:00,"Fiz essa arte de um dos vil√µes que eu mais gosto na minha vida, uma arte inspirada na capa de primeiro Doom. #MastersOfUniverse #Doom #Netflix https://t.co/gsgGsacKSF",OLuanKenobi,"['MastersOfUniverse', 'Doom', 'Netflix']",127
